<PAMDataset>
  <Metadata domain="Esri">
    <MDI key="PyramidResamplingType">NEAREST</MDI>
  </Metadata>
  <PAMRasterBand band="1">
    <Description>Band_1</Description>
    <Histograms>
      <HistItem>
        <HistMin>0</HistMin>
        <HistMax>28384.75390625</HistMax>
        <BucketCount>256</BucketCount>
        <IncludeOutOfRange>1</IncludeOutOfRange>
        <Approximate>0</Approximate>
        <HistCounts>7671172|5102|2377|1548|1222|1034|858|820|671|641|602|543|476|464|443|454|419|397|385|359|279|313|282|259|242|223|221|160|131|128|113|93|90|45|51|59|49|34|32|34|35|21|22|19|18|7|18|12|7|9|16|11|16|6|10|4|5|14|7|6|2|8|4|5|4|3|3|5|2|2|7|3|1|5|2|3|3|1|4|4|0|4|1|2|0|3|2|1|2|1|1|2|0|1|0|0|1|1|1|0|0|1|2|0|0|0|0|1|1|0|0|1|0|0|0|0|1|0|0|0|0|0|0|0|0|0|0|0|0|0|0|0|0|0|1|0|0|0|0|0|0|0|0|0|0|0|0|0|0|0|0|0|1|0|1|0|0|0|0|0|0|1|0|0|0|0|0|0|0|0|0|0|0|0|0|0|0|0|0|0|0|0|0|1|0|0|0|0|0|0|0|0|0|0|0|0|0|0|0|0|0|0|0|0|0|0|0|0|0|0|0|0|0|0|0|0|0|0|0|0|0|0|0|0|0|0|0|0|0|0|0|0|0|0|0|0|0|0|0|0|0|0|0|0|0|0|0|0|0|0|0|0|0|0|0|1</HistCounts>
      </HistItem>
    </Histograms>
    <Metadata>
      <MDI key="BandName">Band_1</MDI>
      <MDI key="RepresentationType">ATHEMATIC</MDI>
    </Metadata>
  </PAMRasterBand>
</PAMDataset>
