<?xml version="1.0"?>
<metadata xml:lang="en">
	<Esri>
		<CreaDate>20230531</CreaDate>
		<CreaTime>11560800</CreaTime>
		<ArcGISFormat>1.0</ArcGISFormat>
		<SyncOnce>FALSE</SyncOnce>
		<DataProperties>
			<itemProps>
				<imsContentType export="False">002</imsContentType>
				<itemName Sync="TRUE">apg22r_1_0_0.tif</itemName><itemLocation><linkage Sync="TRUE">file://S:\Work\Demography\2021-22_Regional_Population\OUTPUTS\GEOTIFF\apg22r_1_0_0.tif</linkage><protocol Sync="TRUE">Local Area Network</protocol></itemLocation><nativeExtBox><westBL Sync="TRUE">-3901000.000000</westBL><eastBL Sync="TRUE">3500000.000000</eastBL><southBL Sync="TRUE">-5100000.000000</southBL><northBL Sync="TRUE">-1000000.000000</northBL><exTypeCode Sync="TRUE">1</exTypeCode></nativeExtBox></itemProps>
			<coordRef><type Sync="TRUE">Projected</type><geogcsn Sync="TRUE">GCS_GDA_1994</geogcsn><csUnits Sync="TRUE">Linear Unit: Meter (1.000000)</csUnits><projcsn Sync="TRUE">GDA_1994_Australia_Albers</projcsn><peXml Sync="TRUE">&lt;ProjectedCoordinateSystem xsi:type='typens:ProjectedCoordinateSystem' xmlns:xsi='http://www.w3.org/2001/XMLSchema-instance' xmlns:xs='http://www.w3.org/2001/XMLSchema' xmlns:typens='http://www.esri.com/schemas/ArcGIS/2.7.0'&gt;&lt;WKT&gt;PROJCS[&amp;quot;GDA_1994_Australia_Albers&amp;quot;,GEOGCS[&amp;quot;GCS_GDA_1994&amp;quot;,DATUM[&amp;quot;D_GDA_1994&amp;quot;,SPHEROID[&amp;quot;GRS_1980&amp;quot;,6378137.0,298.257222101]],PRIMEM[&amp;quot;Greenwich&amp;quot;,0.0],UNIT[&amp;quot;Degree&amp;quot;,0.0174532925199433]],PROJECTION[&amp;quot;Albers&amp;quot;],PARAMETER[&amp;quot;False_Easting&amp;quot;,0.0],PARAMETER[&amp;quot;False_Northing&amp;quot;,0.0],PARAMETER[&amp;quot;Central_Meridian&amp;quot;,132.0],PARAMETER[&amp;quot;Standard_Parallel_1&amp;quot;,-18.0],PARAMETER[&amp;quot;Standard_Parallel_2&amp;quot;,-36.0],PARAMETER[&amp;quot;Latitude_Of_Origin&amp;quot;,0.0],UNIT[&amp;quot;Meter&amp;quot;,1.0],AUTHORITY[&amp;quot;EPSG&amp;quot;,3577]]&lt;/WKT&gt;&lt;XOrigin&gt;-20220900&lt;/XOrigin&gt;&lt;YOrigin&gt;-14227600&lt;/YOrigin&gt;&lt;XYScale&gt;222720038.54281932&lt;/XYScale&gt;&lt;ZOrigin&gt;-100000&lt;/ZOrigin&gt;&lt;ZScale&gt;10000&lt;/ZScale&gt;&lt;MOrigin&gt;-100000&lt;/MOrigin&gt;&lt;MScale&gt;10000&lt;/MScale&gt;&lt;XYTolerance&gt;0.001&lt;/XYTolerance&gt;&lt;ZTolerance&gt;0.001&lt;/ZTolerance&gt;&lt;MTolerance&gt;0.001&lt;/MTolerance&gt;&lt;HighPrecision&gt;true&lt;/HighPrecision&gt;&lt;WKID&gt;3577&lt;/WKID&gt;&lt;LatestWKID&gt;3577&lt;/LatestWKID&gt;&lt;/ProjectedCoordinateSystem&gt;</peXml></coordRef><RasterProperties><General><PixelDepth Sync="TRUE">32</PixelDepth><HasColormap Sync="TRUE">FALSE</HasColormap><CompressionType Sync="TRUE">LZW</CompressionType><NumBands Sync="TRUE">1</NumBands><Format Sync="TRUE">TIFF</Format><HasPyramids Sync="TRUE">TRUE</HasPyramids><SourceType Sync="TRUE">continuous</SourceType><PixelType Sync="TRUE">floating point</PixelType><NoDataValue Sync="TRUE">-1</NoDataValue></General></RasterProperties></DataProperties>
		<locales><locale language="eng" country="AU"/></locales>
		<scaleRange><minScale>20000000</minScale><maxScale>50000</maxScale></scaleRange>
		<SyncDate>20230531</SyncDate><SyncTime>11560900</SyncTime><ModDate>20230531</ModDate><ModTime>11560900</ModTime></Esri>
	<mdLang><languageCode value="eng"/><countryCode value="AU"/></mdLang>
	<mdChar><CharSetCd value="004"/></mdChar>
	<mdHrLv><ScopeCd value="005"/></mdHrLv>
	<mdHrLvName>dataset</mdHrLvName>
	<mdContact><role><RoleCd value="010"/></role><rpOrgName>Australian Bureau of Statistics</rpOrgName><rpCntInfo><cntPhone><voiceNum tddtty="">1300 135 070</voiceNum><voiceNum tddtty="">+61 2 92 684 909</voiceNum></cntPhone><cntAddress addressType=""><country>AU</country><eMailAdd>client.services@abs.gov.au</eMailAdd></cntAddress><cntHours>9:00am to 5:00pm EST (excluding public holidays)</cntHours></rpCntInfo><individual><rpIndName>Location Insights Branch</rpIndName></individual></mdContact>
	<mdDateSt Sync="FALSE">20230420</mdDateSt>
	<mdTimeSt>000000</mdTimeSt>
	<mdStanName>ArcGIS Metadata</mdStanName>
	<mdStanVer>1.0</mdStanVer>
	<distInfo><distFormat><formatName>ESRI GRID, GEOTIFF, JPG</formatName></distFormat></distInfo>
	<dataIdInfo><idCitation><resTitle>Australian Population Grid  2022</resTitle><resAltTitle>Aus Pop Grid 2022</resAltTitle><date><pubDate>2023-04-20T00:00:00</pubDate></date><citRespParty><role><RoleCd value="007"/></role><rpOrgName>Australian Bureau of Statistics</rpOrgName><rpCntInfo><cntPhone><voiceNum tddtty="">1300 135 070</voiceNum><voiceNum tddtty="">+61 2 92 684 909</voiceNum></cntPhone><cntAddress addressType=""><country>AU</country><eMailAdd>client.services@abs.gov.au</eMailAdd></cntAddress><cntHours>9:00am to 5:00pm EST (excluding public holidays)</cntHours></rpCntInfo><individual><rpIndName>Location Insights Branch</rpIndName></individual></citRespParty><presForm><PresFormCd value="005"/><fgdcGeoform>raster digital data</fgdcGeoform></presForm></idCitation><idAbs>&lt;DIV STYLE="text-align:Left;"&gt;&lt;DIV&gt;&lt;DIV&gt;&lt;P&gt;&lt;SPAN&gt;The Australian Population Grid 20&lt;/SPAN&gt;&lt;SPAN&gt;2&lt;/SPAN&gt;&lt;SPAN&gt;2&lt;/SPAN&gt;&lt;SPAN&gt; was created using 20&lt;/SPAN&gt;&lt;SPAN&gt;2&lt;/SPAN&gt;&lt;SPAN&gt;2&lt;/SPAN&gt;&lt;SPAN&gt; &lt;/SPAN&gt;&lt;SPAN&gt;E&lt;/SPAN&gt;&lt;SPAN&gt;stimated &lt;/SPAN&gt;&lt;SPAN&gt;R&lt;/SPAN&gt;&lt;SPAN&gt;esidential &lt;/SPAN&gt;&lt;SPAN&gt;P&lt;/SPAN&gt;&lt;SPAN&gt;opulation (ERP) data at the &lt;/SPAN&gt;&lt;SPAN&gt;SA&lt;/SPAN&gt;&lt;SPAN&gt;1 level. The SA1 level ERP data was then modelled down to a 1km x 1km grid across geographic Australia using various point layers that represent population. The value of each grid cell represents the population density (number of people per square kilometre) in that 1km x 1km cell. This is modelled data and caution must be used in its interpretation, as the population has NOT been measured at the 1km cell level&lt;/SPAN&gt;&lt;SPAN&gt;. SA1s &lt;/SPAN&gt;&lt;SPAN&gt;are defined by the Australian Statistical Geography Standard (ASGS)&lt;/SPAN&gt;&lt;SPAN&gt; Edition 3 (2021)&lt;/SPAN&gt;&lt;SPAN&gt; and the grid used is based on the National Nested Grid Standard. &lt;/SPAN&gt;&lt;/P&gt;&lt;P&gt;&lt;SPAN&gt;Data and geography notes: &lt;/SPAN&gt;&lt;/P&gt;&lt;UL&gt;&lt;LI&gt;&lt;P&gt;&lt;SPAN&gt;Source data publication: &lt;/SPAN&gt;&lt;A href="https://www.abs.gov.au:443/statistics/people/population/regional-population/latest-release" STYLE="text-decoration:underline;"&gt;&lt;SPAN&gt;Regional population, 2022&lt;/SPAN&gt;&lt;/A&gt;&lt;/P&gt;&lt;/LI&gt;&lt;LI&gt;&lt;P&gt;&lt;SPAN&gt;Geographic boundary information: &lt;/SPAN&gt;&lt;SPAN&gt;Statistical Areas Level 1 (SA1) - &lt;/SPAN&gt;&lt;A href="https://www.abs.gov.au:443/statistics/standards/australian-statistical-geography-standard-asgs-edition-3/jul2021-jun2026/main-structure-and-greater-capital-city-statistical-areas" STYLE="text-decoration:underline;"&gt;&lt;SPAN&gt;Australian Statistical Geography Standard (ASGS) Edition 3&lt;/SPAN&gt;&lt;/A&gt;&lt;SPAN&gt;, &lt;/SPAN&gt;&lt;A href="http://www.anzlic.gov.au:80/resources/national-nested-grid" STYLE="text-decoration:underline;"&gt;&lt;SPAN&gt;National Nested Grid Standard&lt;/SPAN&gt;&lt;/A&gt;&lt;/P&gt;&lt;/LI&gt;&lt;LI&gt;&lt;P&gt;&lt;SPAN&gt;Additional data inputs: &lt;/SPAN&gt;&lt;A href="https://www.abs.gov.au:443/statistics/research/abs-address-register-users-guide" STYLE="text-decoration:underline;"&gt;&lt;SPAN&gt;ABS Address Register&lt;/SPAN&gt;&lt;/A&gt;&lt;SPAN&gt;, Indigenous Community Points (ICP)&lt;/SPAN&gt;&lt;/P&gt;&lt;/LI&gt;&lt;LI&gt;&lt;P&gt;&lt;SPAN&gt;Further information: &lt;/SPAN&gt;&lt;A href="https://www.abs.gov.au:443/methodologies/regional-population-methodology/2021" STYLE="text-decoration:underline;"&gt;&lt;SPAN&gt;Regional population methodology&lt;/SPAN&gt;&lt;/A&gt;&lt;/P&gt;&lt;/LI&gt;&lt;LI&gt;&lt;P&gt;&lt;SPAN&gt;Source: Australian Bureau of Statistics (ABS) &lt;/SPAN&gt;&lt;A href="https://www.abs.gov.au:443/" STYLE="text-decoration:underline;"&gt;&lt;SPAN&gt;www.abs.gov.au&lt;/SPAN&gt;&lt;/A&gt;&lt;/P&gt;&lt;/LI&gt;&lt;/UL&gt;&lt;/DIV&gt;&lt;/DIV&gt;&lt;/DIV&gt;</idAbs><idPurp>A geographic representation of the Australian residential population from 2022. </idPurp><idCredit>Australian Bureau of Statistics (ABS) www.abs.gov.au

</idCredit><resMaint><maintFreq><MaintFreqCd value="009"/></maintFreq></resMaint><otherKeys><keyword>Australia</keyword><keyword>DEMOGRAPHY</keyword><keyword>ABS</keyword><keyword>Australian Bureau of Statistics</keyword><keyword>ERP</keyword></otherKeys><searchKeys><keyword>Australia</keyword><keyword>DEMOGRAPHY</keyword><keyword>ABS</keyword><keyword>Australian Bureau of Statistics</keyword><keyword>ERP</keyword></searchKeys><resConst><Consts><useLimit>&lt;DIV STYLE="text-align:Left;"&gt;&lt;DIV&gt;&lt;DIV&gt;&lt;P&gt;&lt;SPAN&gt;© Commonwealth of Australia &lt;/SPAN&gt;&lt;/P&gt;&lt;P&gt;&lt;SPAN&gt;The Commonwealth owns the copyright in all material produced by the Australian Bureau of Statistics (ABS).&lt;/SPAN&gt;&lt;/P&gt;&lt;P&gt;&lt;SPAN&gt;Apart from any use permitted under the Copyright Act 1968, and those explicitly granted below, all other rights are reserved. &lt;/SPAN&gt;&lt;/P&gt;&lt;P&gt;&lt;SPAN&gt;All material presented &lt;/SPAN&gt;&lt;SPAN&gt;on &lt;/SPAN&gt;&lt;SPAN&gt;this&lt;/SPAN&gt;&lt;SPAN&gt; &lt;/SPAN&gt;&lt;SPAN&gt; website is provided under a Creative Commons Attribution 4.0 International licen&lt;/SPAN&gt;&lt;SPAN&gt;s&lt;/SPAN&gt;&lt;SPAN&gt;e, with the exception of: &lt;/SPAN&gt;&lt;/P&gt;&lt;UL&gt;&lt;LI&gt;&lt;P&gt;&lt;SPAN&gt;the Commonwealth Coat of Arms &lt;/SPAN&gt;&lt;/P&gt;&lt;/LI&gt;&lt;LI&gt;&lt;P&gt;&lt;SPAN&gt;the ABS logo &lt;/SPAN&gt;&lt;/P&gt;&lt;/LI&gt;&lt;LI&gt;&lt;P&gt;&lt;SPAN&gt;material protected by a trade mark &lt;/SPAN&gt;&lt;/P&gt;&lt;/LI&gt;&lt;LI&gt;&lt;P&gt;&lt;SPAN&gt;unit record data (microdata)&lt;/SPAN&gt;&lt;/P&gt;&lt;/LI&gt;&lt;LI&gt;&lt;P&gt;&lt;SPAN&gt;content supplied by third parties. &lt;/SPAN&gt;&lt;/P&gt;&lt;/LI&gt;&lt;/UL&gt;&lt;P&gt;&lt;SPAN&gt;By continuing beyond this point and/or clicking any link on this site, you agree to the terms and conditions as described above and you agree that you understand the limitations of the data provided on this website. &lt;/SPAN&gt;&lt;SPAN&gt;See &lt;/SPAN&gt;&lt;A href="https://www.abs.gov.au:443/website-privacy-copyright-and-disclaimer" STYLE="text-decoration:underline;"&gt;&lt;SPAN&gt;ABS website privacy, copyright and disclaimer&lt;/SPAN&gt;&lt;/A&gt;&lt;SPAN&gt; for more information. &lt;/SPAN&gt;&lt;/P&gt;&lt;P&gt;&lt;SPAN&gt;Please note: while Location Insights seeks to verify data for accuracy and content, discrepancies may exist within the data. The Australian Bureau of Statistics welcomes your comments and concerns regarding the data and will attempt to resolve issues as they are bought to our attention. For questions about this feature service you can &lt;/SPAN&gt;&lt;A href="mailto:client.services@abs.gov.au:25" STYLE="text-decoration:underline;"&gt;&lt;SPAN&gt;email Location Insights Branch, &lt;/SPAN&gt;&lt;SPAN&gt;ABS&lt;/SPAN&gt;&lt;/A&gt;&lt;SPAN&gt;.&lt;/SPAN&gt;&lt;/P&gt;&lt;/DIV&gt;&lt;/DIV&gt;&lt;/DIV&gt;</useLimit></Consts></resConst><spatRpType><SpatRepTypCd value="002"/></spatRpType><dataLang><languageCode value="eng"/><countryCode value="AU"/></dataLang><dataChar><CharSetCd value="004"/></dataChar><envirDesc>Esri ArcGIS 12.7.0.26828</envirDesc><idPoC><role><RoleCd value="007"/></role><rpOrgName>Australian Bureau of Statistics</rpOrgName><rpCntInfo><cntPhone><voiceNum tddtty="">1300 135 070</voiceNum><voiceNum tddtty="">+61 2 92 684 909</voiceNum></cntPhone><cntAddress addressType=""><country>AU</country><eMailAdd>client.services@abs.gov.au</eMailAdd></cntAddress><cntHours>9:00am to 5:00pm EST (excluding public holidays)</cntHours></rpCntInfo><individual><rpIndName>Location Insights Branch</rpIndName></individual><displayName>Australian Bureau of Statistics</displayName></idPoC><dataExt><geoEle><GeoDesc><exTypeCode>0</exTypeCode><geoId><identCode>3577</identCode></geoId></GeoDesc></geoEle></dataExt><tpCat><TopicCatCd value="016"/></tpCat><dataExt><geoEle><GeoBndBox esriExtentType="search"><exTypeCode Sync="TRUE">1</exTypeCode><westBL Sync="TRUE">85.960178</westBL><eastBL Sync="TRUE">173.652054</eastBL><northBL Sync="TRUE">-4.674682</northBL><southBL Sync="TRUE">-46.766914</southBL></GeoBndBox></geoEle></dataExt></dataIdInfo>
	<mdMaint><maintFreq><MaintFreqCd value="009"/></maintFreq></mdMaint>
	<dqInfo><dataLineage><prcStep><stepDesc>Processing step:
1) A subset of the Address Register (AR) that represented residential addresses as closely as possible was made. ICP points were included where no AR point existed. SA1 centroid points were included where no AR or ICP point existed within an SA1. All these layers were combined into a single point layer (Allpoints). 
2) The Allpoints layer was overlaid with the ASGS 2021 SA1 boundaries to give every point an SA1 code. Points without an SA1 code (outside all SA1 regions) were dropped. 
3) Estimated Resident Population by SA1 (ERP) was averaged across all points within each SA1. 
4) Points were converted to raster, using the National Nested grid as template. Point population values falling within each raster cell were summed.
</stepDesc></prcStep><statement>See description for further information. 

Source data publication: Regional population, 2022
Geographic boundary information: Australian Statistical Geography Standard (ASGS) Edition 3, National Nested Grid Standard
Additional data inputs: ABS Address Register, Indigenous Community Points (ICP)</statement></dataLineage><dqScope><scpLvl><ScopeCd value="005"/></scpLvl></dqScope><report type="DQCompComm" dimension=""><measResult><ConResult><conSpec><resTitle>Australian Population Grid 2022</resTitle></conSpec><conPass>1</conPass></ConResult></measResult></report></dqInfo>
	<refSysInfo><RefSystem dimension=""><refSysID><identCode code="3577"/><idCodeSpace>EPSG</idCodeSpace><idVersion>6.12(9.3.0.0)</idVersion></refSysID></RefSystem></refSysInfo>
	<eainfo><detailed><attr><attrlabl>ERP</attrlabl><attalias>Estimate resident population</attalias><attrdef>Estimated resident population (ERP) is the official estimate of the Australian population, which links people to a place of usual residence within Australia.
Symbology classes: 5 = no population, 4 = less than 500, 3 = 500 to less than 2000, 2 = 2000 to less than 8000, 1 = 8000 or more.
</attrdef><attrdefs>https://www.abs.gov.au/statistics/people/population/regional-population/latest-release</attrdefs><attrtype>Float</attrtype><attwidth>5</attwidth><atprecis>6</atprecis><attrdomv><rdom><rdommin>0</rdommin><rdommax>28384.753906</rdommax></rdom></attrdomv></attr><enttyp><enttypl>Aus Pop Grid</enttypl><enttypd>Estimated Resident Population for Statistical Areas Level 1 modelled to a 1km x 1km grid</enttypd><enttypds>https://www.abs.gov.au/statistics/people/population/regional-population/latest-release</enttypds></enttyp></detailed></eainfo>
	<spatRepInfo><Georect><cellGeo><CellGeoCd Sync="TRUE" value="002"></CellGeoCd></cellGeo><numDims Sync="TRUE">2</numDims><tranParaAv Sync="TRUE">1</tranParaAv><chkPtAv Sync="TRUE">0</chkPtAv><cornerPts><pos Sync="TRUE">-3901000.000000 -5100000.000000</pos></cornerPts><cornerPts><pos Sync="TRUE">-3901000.000000 -1000000.000000</pos></cornerPts><cornerPts><pos Sync="TRUE">3500000.000000 -1000000.000000</pos></cornerPts><cornerPts><pos Sync="TRUE">3500000.000000 -5100000.000000</pos></cornerPts><centerPt><pos Sync="TRUE">-200500.000000 -3050000.000000</pos></centerPt><axisDimension type="002"><dimSize Sync="TRUE">7401</dimSize><dimResol><value Sync="TRUE" uom="m">1000.000000</value></dimResol></axisDimension><axisDimension type="001"><dimSize Sync="TRUE">4100</dimSize><dimResol><value Sync="TRUE" uom="m">1000.000000</value></dimResol></axisDimension><ptInPixel><PixOrientCd Sync="TRUE" value="001"></PixOrientCd></ptInPixel></Georect></spatRepInfo><contInfo><ImgDesc><contentTyp><ContentTypCd Sync="TRUE" value="001"></ContentTypCd></contentTyp><covDim><Band><dimDescrp Sync="TRUE">Band_1</dimDescrp><maxVal Sync="TRUE">28384.753906</maxVal><minVal Sync="TRUE">0.000000</minVal><bitsPerVal Sync="TRUE">32</bitsPerVal><valUnit><UOM type="length"></UOM></valUnit></Band></covDim></ImgDesc></contInfo></metadata>
